<?xml version="1.0" encoding="UTF-8"?>
<!DOCTYPE Trans SYSTEM "trans-13.dtd">
<Trans scribe="(unknown)" audio_filename="13871_00000012" version="2" version_date="041206">
<Speakers>
<Speaker id="spk1" name="hotesse" check="no" dialect="native" accent="" scope="local"/>
<Speaker id="spk2" name="client" check="no" dialect="native" accent="" scope="local"/>
</Speakers>
<Episode>
<Section type="report" startTime="0" endTime="114.984">
<Turn startTime="0" endTime="2.122" speaker="spk1">
<Sync time="0"/>
U B S bonjour
</Turn>
<Turn speaker="spk2" startTime="2.122" endTime="8.016">
<Sync time="2.122"/>
oui bonjour e j'appelle je sais pas si j'appelle au bon endroit e
</Turn>
<Turn speaker="spk1 spk2" startTime="8.016" endTime="8.742">
<Sync time="8.016"/>
<Who nb="1"/>
 je vous écoute
<Who nb="2"/>
 c'est pour
</Turn>
<Turn speaker="spk2" startTime="8.742" endTime="20.39">
<Sync time="8.742"/>
e c'est pour savoir si la fac pendant l'été e a des professeurs ou des des gens qui font des stages de de perfectionnement en anglais et en espagnol
</Turn>
<Turn speaker="spk1" startTime="20.39" endTime="22.952">
<Sync time="20.39"/>
e ce serait pour vous vous souhaiteriez
</Turn>
<Turn speaker="spk1 spk2" startTime="22.952" endTime="23.818">
<Sync time="22.952"/>
<Who nb="1"/>

non
<Who nb="2"/>
non non c'est pas pour moi
</Turn>
<Turn speaker="spk2" startTime="23.818" endTime="24.64">
<Sync time="23.818"/>
ce serait pour ma fille
</Turn>
<Turn speaker="spk1 spk2" startTime="24.64" endTime="25.823">
<Sync time="24.64"/>
<Who nb="1"/>
oui
<Who nb="2"/>
mais bon elle est
</Turn>
<Turn speaker="spk2" startTime="25.823" endTime="27.038">
<Sync time="25.823"/>
en seconde et
</Turn>
<Turn speaker="spk1 spk2" startTime="27.038" endTime="28.903">
<Sync time="27.038"/>
<Who nb="1"/>
et elle souhaiterais se perfectionner
<Who nb="2"/>
bon elle va passer en première mais
</Turn>
<Turn speaker="spk1" startTime="28.903" endTime="31.004">
<Sync time="28.903"/>
en anglais ou en espagnol pendant l'été
</Turn>
<Turn speaker="spk2" startTime="31.004" endTime="31.643">
<Sync time="31.004"/>
ouais c'est çà
</Turn>
<Turn speaker="spk1" startTime="31.643" endTime="48.072">
<Sync time="31.643"/>
oui alors e la fac de e de lettre et de langues se trouve à Lorient donc il faudrait plutôt  voir avec Lorient pour e savoir si ils organisent des stages mais en tout cas fac est fermée du 23 juillet au 23 août
</Turn>
<Turn speaker="spk2" startTime="48.072" endTime="53.118">
<Sync time="48.072"/>
ouais par contre vous pas me m'orienter vers e
</Turn>
<Turn speaker="spk1 spk2" startTime="53.118" endTime="54.913">
<Sync time="53.118"/>
<Who nb="1"/>
vers Lorient

<Who nb="2"/>
e
</Turn>
<Turn speaker="spk2" startTime="54.913" endTime="59.263">
<Sync time="54.913"/>
un organisme sur Vannes qui qui s'occupe de ce genre de chose
</Turn>
<Turn speaker="spk1" startTime="59.263" endTime="66.276">
<Sync time="59.263"/>
e non à priori non je vois pas e --- e(lle) elle est e vous dîtes elle est en seconde
</Turn>
<Turn speaker="spk2" startTime="66.276" endTime="73.121">
<Sync time="66.276"/>
ouais et e bon elle va passer en première mais ils faut ils faut ils faut qu'elle renforce sérieusement son anglais et
</Turn>
<Turn speaker="spk1 spk2" startTime="73.121" endTime="73.925">
<Sync time="73.121"/>
<Who nb="1"/>
ben écoutez vous avez
<Who nb="2"/>
son espagnol
</Turn>
<Turn speaker="spk1" startTime="73.925" endTime="79.315">
<Sync time="73.925"/>
un organisme qui s'appelle e "English Connection" il me semble
</Turn>
<Turn speaker="spk2" startTime="79.315" endTime="79.966">
<Sync time="79.315"/>
ouais
</Turn>
<Turn speaker="spk1" startTime="79.966" endTime="90.885">
<Sync time="79.966"/>
e du coté de la place de la république là e sinon e je sais que la chambre de commerce c'est le e comment e organise éventuellement des des stages aussi
</Turn>
<Turn speaker="spk2" startTime="90.885" endTime="91.51">
<Sync time="90.885"/>
ouais
</Turn>
<Turn speaker="spk1" startTime="91.51" endTime="95.395">
<Sync time="91.51"/>
e mais bon autrement je peux pas vraiment vous e
</Turn>
<Turn speaker="spk2" startTime="95.395" endTime="100.364">
<Sync time="95.395"/>
et "English Connection" c'est e une entrepri(se) c'est une association ou une entreprise privée
</Turn>
<Turn speaker="spk1" startTime="100.364" endTime="103.514">
<Sync time="100.364"/>
je ne sais pas oh vous allez trouver ça dans le dans l'annuaire hein
</Turn>
<Turn speaker="spk2" startTime="103.514" endTime="104.137">
<Sync time="103.514"/>
ouais d'accord
</Turn>
<Turn speaker="spk1" startTime="104.137" endTime="104.669">
<Sync time="104.137"/>
je sais pas
</Turn>
<Turn speaker="spk2" startTime="104.669" endTime="106.297">
<Sync time="104.669"/>
c'est place de
</Turn>
<Turn speaker="spk1" startTime="106.297" endTime="110.237">
<Sync time="106.297"/>
c'est place de la république c'est c'est tout près de la poste
</Turn>
<Turn speaker="spk2" startTime="110.237" endTime="111.135">
<Sync time="110.237"/>
à d'accord je vous remercie
</Turn>
<Turn speaker="spk1 spk2" startTime="111.135" endTime="111.723">
<Sync time="111.135"/>
<Who nb="1"/>
oui
<Who nb="2"/>
madame
</Turn>
<Turn speaker="spk1" startTime="111.723" endTime="112.368">
<Sync time="111.723"/>
je vous en prie
</Turn>
<Turn speaker="spk1 spk2" startTime="112.368" endTime="112.953">
<Sync time="112.368"/>
<Who nb="1"/>
au revoir
<Who nb="2"/>
bonne journée
</Turn>
<Turn speaker="spk2" startTime="112.953" endTime="114.984">
<Sync time="112.953"/>
au revoir
</Turn>
</Section>
</Episode>
</Trans>
