<?xml version="1.0" encoding="ISO-8859-1"?>
<!DOCTYPE Trans SYSTEM "trans-14.dtd">
<Trans scribe="(unknown)" audio_filename="00000013" version="1" version_date="040722">
<Speakers>
<Speaker id="spk1" name="hotesse" check="no" dialect="native" accent="" scope="local"/>
<Speaker id="spk2" name="client" check="no" dialect="native" accent="" scope="local"/>
<Speaker id="spk3" name="hotesse2" check="no" dialect="native" accent="" scope="local"/>
</Speakers>
<Episode>
<Section type="report" startTime="0" endTime="24.984">
<Turn startTime="0" endTime="1.614" speaker="spk1">
<Sync time="0"/>
U B S bonjour
</Turn>
<Turn speaker="spk2" startTime="1.614" endTime="9.094">
<Sync time="1.614"/>
oui bonjour ce serait pour savoir comment obtenir e un dossier de candidature pour le D E S S e droit des affaires droit des P M E 
</Turn>
<Turn speaker="spk1" startTime="9.094" endTime="11.421">
<Sync time="9.094"/>
e oui je vais vous passer le secr�tariat
</Turn>
<Turn speaker="spk2" startTime="11.421" endTime="13.439">
<Sync time="11.421"/>
d'accord merci
</Turn>
<Turn speaker="spk1" startTime="13.439" endTime="19.547">
<Sync time="13.439"/>
[pi]
</Turn>
<Turn speaker="spk1 spk3" startTime="19.547" endTime="20.521">
<Sync time="19.547"/>
<Who nb="1"/>
Prenom oui
<Who nb="2"/>
allo oui
</Turn>
<Turn speaker="spk1" startTime="20.521" endTime="22.626">
<Sync time="20.521"/>
un dossier e D E S S droit des P M E
</Turn>
<Turn speaker="spk3" startTime="22.626" endTime="24.984">
<Sync time="22.626"/>
d'accord
</Turn>
</Section>
</Episode>
</Trans>
