<?xml version="1.0" encoding="ISO-8859-1"?>
<!DOCTYPE Trans SYSTEM "trans-14.dtd">
<Trans scribe="Foulon J" audio_filename="060_0000003d" version="2" version_date="130902">
<Speakers>
<Speaker id="spk1" name="hotesse" check="no" dialect="native" accent="" scope="local"/>
<Speaker id="spk2" name="client" check="no" dialect="native" accent="" scope="local"/>
</Speakers>
<Episode>
<Section type="report" startTime="0" endTime="11.952">
<Turn startTime="0" endTime="1.812" speaker="spk1">
<Sync time="0"/>
U B S bonjour
</Turn>
<Turn speaker="spk2" startTime="1.812" endTime="10.032">
<Sync time="1.812"/>
oui bonjour madame j'aurais voulu avoir des renseignements pour e l'() l'inscription en A E S administration �conomique et sociale
</Turn>
<Turn speaker="spk1" startTime="10.032" endTime="11.952">
<Sync time="10.032"/>
Nom oui [pi] oui conservez je vais vous passer la personne
</Turn>
</Section>
</Episode>
</Trans>
