<?xml version="1.0" encoding="ISO-8859-1"?>
<!DOCTYPE Trans SYSTEM "trans-14.dtd">
<Trans scribe="Foulon J" audio_filename="065_00000042" version="2" version_date="130902">
<Speakers>
<Speaker id="spk1" name="hotesse" check="no" dialect="native" accent="" scope="local"/>
<Speaker id="spk2" name="client" check="no" dialect="native" accent="" scope="local"/>
</Speakers>
<Episode>
<Section type="report" startTime="0" endTime="5.976">
<Turn startTime="0" endTime="1.375" speaker="spk1">
<Sync time="0"/>
 U B S bonjour
</Turn>
<Turn speaker="spk2" startTime="1.375" endTime="4.521">
<Sync time="1.375"/>
bonjour ici Pr�nom Nom est ce que je pourrais avoir Pr�nom2 Nom2 s'il vous plait
</Turn>
<Turn speaker="spk1" startTime="4.521" endTime="5.976">
<Sync time="4.521"/>
# oui
</Turn>
</Section>
</Episode>
</Trans>
