<?xml version="1.0" encoding="ISO-8859-1"?>
<!DOCTYPE Trans SYSTEM "trans-14.dtd">
<Trans scribe="Foulon J" audio_filename="074_0000004b" version="1" version_date="041124">
<Speakers>
<Speaker id="spk1" name="hotesse" check="no" dialect="native" accent="" scope="local"/>
<Speaker id="spk2" name="client" check="no" dialect="native" accent="" scope="local"/>
<Speaker id="spk3" name="hotesse2" check="no" dialect="native" accent="" scope="local"/>
</Speakers>
<Episode>
<Section type="report" startTime="0" endTime="18.936">
<Turn startTime="0" endTime="1.687" speaker="spk1">
<Sync time="0"/>
U B S bonjour
</Turn>
<Turn speaker="spk2" startTime="1.687" endTime="3.656">
<Sync time="1.687"/>
boujour madame madame Nom s'il vous plait
</Turn>
<Turn speaker="spk1" startTime="3.656" endTime="4.351">
<Sync time="3.656"/>
Pr�nom Nom
</Turn>
<Turn speaker="spk2" startTime="4.351" endTime="4.851">
<Sync time="4.351"/>
oui
</Turn>
<Turn speaker="spk1" startTime="4.851" endTime="15.648">
<Sync time="4.851"/>
oui conservez je vais vous la passer #
</Turn>
<Turn speaker="spk3" startTime="15.648" endTime="16.39">
<Sync time="15.648"/>
oui allo
</Turn>
<Turn speaker="spk1" startTime="16.39" endTime="16.868">
<Sync time="16.39"/>
c'est pour toi Pr�nom
</Turn>
<Turn speaker="spk3" startTime="16.868" endTime="18.936">
<Sync time="16.868"/>
ouais
</Turn>
</Section>
</Episode>
</Trans>
